GRUPO MULTICOM - FSA,Atendimentos de oficina,27
GRUPO MULTICOM - LEM,Atendimentos de oficina,116
GRUPO MULTICOM - FSA,Abertura de ordens de serviço,33
GRUPO MULTICOM - LEM,Abertura de ordens de serviço,113
GRUPO MULTICOM - LEM,Proposta de veículos,2
GRUPO MULTICOM - FSA,Notas de Compra de peças,2
GRUPO MULTICOM - LEM,Notas de Compra de peças,6
GRUPO MULTICOM - LEM,Notas de compra de veículos seminovos,1
GRUPO MULTICOM - FSA,Notas de despesas,2
GRUPO MULTICOM - LEM,Notas de despesas,28
GRUPO MULTICOM - FSA,Nota de venda de peças balcão,27
GRUPO MULTICOM - LEM,Nota de venda de peças balcão,116
GRUPO MULTICOM - FSA,Notas de venda de assistência técnica,5
GRUPO MULTICOM - LEM,Notas de venda de assistência técnica,15
GRUPO MULTICOM - LEM,Notas de venda veículos seminovos,6
